region,count
Minnesota,446474
Wisconsin,449165
Alabama,408061
Florida,468120
Georgia,448162
Iowa,405823
Michigan,465881
North Carolina,453190
South Carolina,409056
Tennessee,420673
Virginia,432600
Illinois,431838
Ontario,591
Unknown,16265
Pennsylvania,464805
New York,431880
New Hampshire,373675
California,444679
Ohio,452738
Nevada,421728
Missouri,423609
Massachusetts,423829
Maryland,424824
Colorado,421844
New Jersey,425338
Kansas,405641
Arizona,440955
Montana,376544
Kentucky,393031
Idaho,384466
"Washington, District of Columbia",293846
Washington,424075
Louisiana,404095
Texas,446370
Oregon,417052
Utah,403659
Vermont,354332
Oklahoma,411894
Indiana,417836
New Mexico,404231
Nebraska,410644
Mississippi,382108
Delaware,362792
Hawaii,361718
West Virginia,387238
Wyoming,339402
Arkansas,403336
Maine,400143
Connecticut,409622
Rhode Island,368233
South Dakota,351444
North Dakota,340141
Alaska,359813
England,326
Comunidad Valenciana,74
Caguas,95
Brașov County,45
Bangkok,13
Nordrhein-Westfalen,106
Rajasthan,16
Oslo,64
Cairo Governorate,22
Jalisco,69
Kosovo,14
Maseru District,1
Woqooyi Galbeed,13
Gauteng,22
East Berbice-Corentyne,4
Shanghai,18
Quintana Roo,60
Istanbul Province,20
Quebec,128
Hessen,103
Chiang Rai,8
Veracruz,54
West Nusa Tenggara,10
Wales,187
Dhaka Division,20
Yangon,74
Bimini,34
Naypyidaw,14
Mandalay,16
Magwe,3
Ayeyarwady Region,5
Carolina,97
Humacao,91
Bayamón,113
San Juan,168
District of Columbia,33740
Goiás,62
Utuado,80
Arecibo,83
Aibonito,80
Aguadilla,85
Rincón,83
Vieques,77
Yabucoa,79
Villalba,72
Vega Alta,78
Cataño,83
Vega Baja,86
Toa Baja,99
Trujillo Alto,89
Santa Isabel,58
Toa Alta,43
San Sebastián,81
San Lorenzo,80
Ceiba,81
San Germán,82
Hormigueros,70
Sabana Grande,80
Ponce,91
Naguabo,82
Maricao,46
Luquillo,89
Las Piedras,81
Isabela,86
Guayama,81
Guaynabo,98
Fajardo,88
Dorado,87
Culebra,59
Cayey,84
Salinas,78
Río Grande,80
Adjuntas,68
Camuy,82
Comerío,65
Corozal,96
Cidra,90
Coamo,80
Ciales,68
Canóvanas,82
Cabo Rojo,85
Guayanilla,62
Barranquitas,79
Barceloneta,82
Añasco,77
Arroyo,62
Aguas Buenas,69
Aguada,83
Guánica,69
Gurabo,82
Quebradillas,81
Maunabo,59
Peñuelas,70
Patillas,70
Orocovis,77
Naranjito,86
Morovis,82
Moca,75
Loíza,71
Mayagüez,93
Hatillo,87
Manatí,85
Lares,77
Lajas,69
Las Marías,19
Juana Díaz,78
Juncos,82
Jayuya,77
Yauco,85
Minas Gerais,63
Chihuahua,224
Tamaulipas,218
New Brunswick,130
Coahuila de Zaragoza,93
Sonora,95
Baja California,129
US Virgin Islands,74
Västra Götaland County,8
Manitoba,210
Buenos Aires,64
Edo State,6
Donetsk Oblast,12
Katanga,1
Chernihiv Oblast,8
Kharkiv Oblast,13
Emilia-Romagna,74
Midi-Pyrénées,77
Nairobi,23
Santa Catarina,60
Comunidad de Madrid,79
Bishkek,10
Ouest Department,16
Lombardia,78
Gujarat,31
Tbilisi,2
San José Province,14
Distrito Especial,68
Valle del Cauca,62
São Paulo (state),77
Tver Oblast,2
Distrito Nacional,7
Turks and Caicos Islands,7
Chandigarh,16
Delhi,22
Goa,14
Punjab,21
Paraná,67
Guatemala Department,13
West Bank,8
Puglia,71
Rio de Janeiro (state),67
Free State,5
Alajuela Province,12
Castries,8
Beijing,10
Nizhny Novgorod Oblast,8
British Columbia,307
Nuevo León,69
Ahal Region,7
Tyumen Oblast,6
Anambra State,4
Umbria,65
Lower Silesian Voivodeship,50
Saint Helier,9
Aragón,64
Marrakesh-Tensift-El Haouz,10
Port Said Governorate,3
Federation of Bosnia and Herzegovina,14
Western Area,7
Colón Province,8
Entre Rios,47
Coimbra District,61
Kolda Region,1
Maharashtra,31
Madhya Pradesh,19
Tanintharyi Region,12
Mangystau Region,6
Meta,48
North Governorate,12
Puntarenas Province,11
Astrakhan Oblast,4
Moscow,16
Altai Krai,7
Leningrad Oblast,2
Tula Oblast,2
Nitra Region,4
Baghdad Governorate,16
Alberta,147
Banská Bystrica Region,2
Vilnius County,10
Federal Capital Territory,12
Perm Krai,7
Balearic Islands,68
Sindh,17
Tashkent Region,9
Dublin,16
West Kalimantan,6
Kabul Province,14
Sicilia,74
Dakar Region,16
Silesian Voivodeship,47
Kedah,8
Samarqand Region,5
Kinshasa,12
Islamabad Capital Territory,15
KwaZulu-Natal,14
North West,4
Cantabria,53
Gaziantep Province,11
Epirus (region),5
Northern Aegean,8
Rio Grande do Sul,65
Lagos State,20
Uttar Pradesh,25
Porto District,65
La Paz Department,15
Monufia Governorate,2
Municipality of Centar (Skopje),2
Dohuk Governorate,13
Campania,75
Thiès Region,4
Chaco,41
Harare Province,13
Lazio,79
Adana Province,13
Central District,12
Azua Province,2
La Vega Province,15
Misiones,42
Karachay-Cherkessia,2
Ceará,56
Lisbon District,69
Rabat-Salé-Zemmour-Zaer,10
Guayas Province,17
Chuquisaca Department,4
Rivera Department,2
Greater Accra Region,20
Karnataka,26
State of Mexico,61
Gegharkunik Province,1
Fukuoka Prefecture,8
Kahramanmaraş Province,6
San Luis Potosi,53
Makkah Region,14
Guerrero,54
Hidalgo,47
Michoacán de Ocampo,56
Timiș County,47
Southern District,13
Piedmont,70
Dar es Salaam,10
Islas Canarias,73
Montserrado County,8
Cataluña,75
Tuscany,73
Southern Aegean,12
Guam,98
Republika Srpska,12
İzmir Province,13
Grand Casablanca,13
Tangier-Tetouan,7
Tamil Nadu,23
Chhattisgarh,13
Callao,11
Pays de la Loire,76
Central Macedonia,11
Piura Region,9
San Martín Region,2
Chiquimula Department,8
Jutiapa Department,5
Denizli Province,9
Windward Islands,5
Baku,11
Ankara Province,19
Île-de-France,120
Basilicata,55
Tlaxcala,44
Demerara-Mahaica,10
Western Cape,13
Northern Mindanao,11
Bahia,59
Nunavut,37
Morelos,52
Bago Region,11
Bayern,105
Hamburg,103
Berlin,136
Molise,50
Aosta Valley,42
Trentino-Alto Adige,67
Sardinia,69
Marche,64
Abruzzo,64
Liguria,70
Friuli-Venezia Giulia,68
Calabria,64
Veneto,74
Niedersachsen,16
Schleswig-Holstein,11
Sachsen,15
Baden-Württemberg,18
Rheinland-Pfalz,17
Brandenburg,41
Shan State,11
Rakhine State,35
Sagaing,16
Karan State,6
Drenthe,11
Friesland,13
Gelderland,18
Groningen,16
Limburg,15
North Brabant,20
Noord-Holland,25
Utrecht,16
Zeeland,11
Zuid-Holland,20
Overijssel,14
Flevoland,13
Wallonia,168
Brussels,169
Flemish Region,171
Mon State,13
Kosrae,2
Pohnpei,35
Chukotka Autonomous Okrug,21
Eastern District,8
Western District,8
Pamplemousses District,7
Flacq District,11
Northern Mariana Islands,15
Savanne District,4
Grand Port District,7
Moka District,5
Plaines Wilhems District,13
Rivière du Rempart District,5
Rivière Noire District,7
Port Louis District,9
La Libertad Region,12
Southern Province,10
Northern Territory,203
Jervis Bay Territory,23
Australian Capital Territory,206
New South Wales,218
Queensland,215
South Australia,224
Tasmania,207
Victoria,221
Western Australia,213
Newfoundland and Labrador,61
Nova Scotia,63
Saskatchewan,88
Yukon,57
Northwest Territories,41
Prince Edward Island,58
Auckland Region,214
Bay of Plenty Region,188
Canterbury,206
Gisborne District,122
Hawke's Bay,170
Manawatu-Wanganui,189
Marlborough Region,120
Nelson Province,150
Northland Region,184
Otago,187
Southland,152
Taranaki,167
Waikato,197
Wellington Region,202
West Coast,134
Tasman District,124
Caqueta,27
Hunedoara County,41
Prahova County,43
Neamț County,43
Mureș County,41
Mehedinți County,34
Maramureș County,45
Iași County,46
Ialomița County,35
Harghita County,40
Satu Mare County,39
Galați County,44
Dolj County,42
Constanța County,48
Cluj County,48
Bucharest,59
Bihor County,44
Sălaj County,33
Sibiu County,41
Alba County,42
Haute-Normandie,72
Nord-Pas-de-Calais,73
Lorraine,65
Limousin,65
Languedoc-Roussillon,74
Franche-Comté,62
Champagne-Ardenne,69
Centre,68
Bretagne,74
Bourgogne,65
Basse-Normandie,69
Aquitaine,76
Tulcea County,34
Arad County,42
Caldas,46
Rhône-Alpes,77
Borsod-Abaúj-Zemplén County,35
Baranya County,40
Azores,61
Viana do Castelo District,59
Setúbal District,64
Santarém District,60
Leiria District,60
Csongrád County,41
Madeira,60
Faro District,62
Braga District,62
Aveiro District,60
Masovian Voivodeship,48
West Pomeranian Voivodeship,44
Budapest,51
Győr-Moson-Sopron County,40
Narino,43
Cundinamarca,51
Santander,54
San Andres y Providencia,38
Risaralda,49
Quindio,47
Norte de Santander,46
Hajdú-Bihar County,43
Huila,47
Cordoba,40
Cauca,46
Atlantico,59
Antioquia,62
Szabolcs-Szatmár-Bereg County,34
Pest County,41
Provence-Alpes-Côte d'Azur,79
Alsace,75
Warmian-Masurian Voivodeship,38
Tolima,48
Olt County,38
Dâmbovița County,44
Caraș-Severin County,36
Botoșani County,40
Bistrița-Năsăud County,37
Bacău County,45
Bolivar,54
Magdalena,52
Vâlcea County,40
Choco,34
Arauca,26
Veszprém County,34
Vas County,33
Tolna County,27
Nógrád County,27
Komárom-Esztergom County,35
Suceava County,44
Vrancea County,43
Békés County,32
Portalegre District,43
Giurgiu County,34
Gorj County,45
Buzău County,42
Argeș County,41
Boyaca,44
La Guajira,40
Fejér County,38
Opole Voivodeship,35
Ilfov County,35
Roraima,37
Tierra del Fuego,44
Etelä-Savo,41
Poitou-Charentes,76
Picardie,67
Corse,58
Heves County,32
Bács-Kiskun County,38
Leeward Islands,3
Saint Barthélemy,3
Tavastia Proper,37
Central Finland,48
Pirkanmaa,51
Lapland (Finland),41
Castilla y Leon,64
Navarra,58
Vestfold,48
Córdoba,54
Telemark,42
Oppland,42
Møre og Romsdal,49
Hedmark,44
Aust-Agder,41
Campeche,43
French Guiana,6
South Karelia,40
Corrientes,40
Viseu District,53
Rio Grande do Norte,51
Vila Real District,49
Guarda District,47
Évora District,51
Castelo Branco District,50
Braganca,46
Beja District,55
Podkarpackie Voivodeship,44
Piauí,44
Jujuy,35
Mato Grosso,52
Maranhão,47
Espírito Santo,51
Vorarlberg,54
Burgenland,39
Santiago del Estero,37
Neuquén,43
Mendoza,51
Greater Poland Voivodeship,52
Świętokrzyskie Voivodeship,32
Kainuu,32
Chiapas,54
Baja California Sur,58
Aguascalientes,50
Distrito Federal,66
Colima,49
Durango,46
Oaxaca,54
Tabasco,47
Sinaloa,56
Querétaro Arteaga,56
Puebla,55
Guanajuato,61
Nayarit,52
Satakunta,44
Southern Ostrobothnia,29
Finnmark,43
Amapá,36
La Rioja,78
Åland Islands,42
Catamarca,30
Călărași County,37
Santa Cruz,42
Covasna County,35
Casanare,32
Zala County,30
San Luis,39
Salta,49
La Pampa,39
Pohjois-Savo,43
Rondônia,41
Päijät-Häme,46
Sucre,37
Cesar,38
Jász-Nagykun-Szolnok County,33
Somogy County,33
Tocantins,40
Vaslui County,40
Teleorman County,32
Brăila County,38
Putumayo,27
Tyrol,58
Federal District,58
Amazonas,60
Alagoas,48
Acre (state),37
Vienna,67
Styria,57
Salzburg,58
Upper Austria,59
Lower Austria,54
Carinthia,46
Tucuman,47
Santa Fe,55
Mato Grosso do Sul,52
Pará,54
Formosa,34
Pomeranian Voivodeship,47
Podlaskie Voivodeship,40
Lesser Poland Voivodeship,47
Lubusz Voivodeship,40
Lublin Voivodeship,46
Łódź Voivodeship,51
Kuyavian-Pomeranian Voivodeship,46
Pernambuco,59
Paraíba,55
Sergipe,48
Río Negro,46
Yucatán,53
Rogaland,56
Vest-Agder,51
Troms,44
Sør-Trøndelag,50
Sogn og Fjordane,40
Østfold,48
Principality of Asturias,56
Nord-Trøndelag,42
Nordland,51
Hordaland,59
Buskerud,49
Akershus,56
Zacatecas,50
Region of Murcia,65
Andalusia,82
Ciudad Autónoma de Buenos Aires,60
Southwest Finland,56
Chubut,42
Uusimaa,63
North Karelia,46
Kymenlaakso,42
Ostrobothnia (region),47
Central Ostrobothnia,30
Northern Ostrobothnia,47
País Vasco,68
Galicia,65
Extremadura,48
Castilla-La Mancha,52
Auvergne,63
Guaviare,13
Marquesas Islands,1
Yuen Long District,1
Islands District,2
Hong Kong,60
Guainia,6
Vichada,16
Vaupes,3
North Denmark Region,51
Region of Southern Denmark,55
Capital Region of Denmark,58
Zealand Region,54
Central Denmark Region,55
Kwai Tsing District,1
Yau Tsim Mong District,3
Sai Kung District,2
Tuen Mun District,1
Los Lagos Region,10
Ilocos Region,13
Western Visayas,15
Changhua,6
Haiphong,8
Punjab region,18
Beirut Governorate,19
Ulan Bator,13
Northern Province,8
Amman Governorate,18
Haryana,19
West Bengal,19
Stockholm County,13
Dubai,24
Alexandria Governorate,10
Osun State,4
Tunis Governorate,12
Attica (region),17
Kampala District,14
Diego Martin Regional Corporation,8
Western Province,21
Cusco Region,9
Metro Manila,26
Guangdong,10
Eastern Province,23
Muscat Governorate,13
Bamako,6
Zagreb,12
Prachuap Khiri Khan,8
Emirate of Sharjah,13
Saint George Parish,14
Littoral Region,9
Addis Ababa,16
Nord Department,7
Johor,13
Saint John Figtree,5
Andhra Pradesh,18
Banaadir,15
Bari,7
Limpopo,7
Kanagawa Prefecture,13
Tokyo,16
Paro District,6
Västmanland County,2
Santo Domingo Province,18
Central Java,13
Kaduna State,10
Jerusalem,13
Central Visayas,21
Hawalli Governorate,11
Borno State,2
New Providence,13
Grand Cayman,14
Tel Aviv,16
Santiago Metropolitan Region,17
North Western Province,2
Kiev,17
Chittagong Division,13
San Salvador Department,14
Telangana,24
County Mayo,6
Sligo,4
Lusaka Province,14
Oyo State,11
Wexford,8
Tainan,9
Kigali,12
Central Region,27
Lower Juba,1
Canton of Geneva,9
Hhohho Region,2
Khyber Pakhtunkhwa,11
Scotland,191
Lima Region,16
Poltava Oblast,13
South Moravian Region,9
Ústí nad Labem Region,8
Riyadh Region,15
Plateau State,10
West Java,13
Wakiso District,2
Selangor,11
Southern Governorate,4
Saint Michael,11
Saint Petersburg,13
Cagayan Valley,10
Valparaíso Region,13
Skåne County,7
Şanlıurfa Province,5
Liaoning,6
Kerala,15
Dakahlia Governorate,6
Kachin State,7
Northern Ireland,186
Bremen,13
Saarland,9
Mecklenburg-Vorpommern,9
Saxony-Anhalt,7
Thüringen,11
Imbabura Province,6
Aichi Prefecture,7
Calabarzon,20
Olancho Department,7
Vallée du Bandama,1
Upper West Region,1
Gros-Islet,5
Nouakchott,3
Western Highlands Province,2
Blantyre District,7
Cortés Department,13
Mordovia,1
Tipaza Province,2
South Governorate,12
Peloponnese (region),6
Red Sea Governorate,3
Asunción,10
Soccsksargen,9
,1
Conakry,7
Central Luzon,21
Panamá Province,15
Kandahar Province,10
Miranda (state),11
Kirkuk Governorate,7
Enugu State,8
Khon Kaen,7
Tarapacá Region,10
Special Region of Yogyakarta,9
Canindeyú Department,1
Escuintla Department,6
Erbil Governorate,13
Okinawa Prefecture,10
Dnipropetrovsk Oblast,13
Chiriquí Province,7
Santa Bárbara Department,2
Harbour Island,1
Marsh Harbour,4
Northern District,9
Dalarna County,2
Antalya Province,12
Hamilton Parish,9
Mukdahan,1
Galway,6
Jeollabuk-do,7
Prachin Buri,3
Caraga,8
Fès-Boulemane,8
British Virgin Islands,6
Nong Bua Lam Phu,1
Davao Region,10
Montevideo Department,9
Nagano Prefecture,5
Artibonite Department,5
Carazo Department,2
Elbasan County,7
Belize District,10
Kuala Lumpur,16
Gyeonggi-do,11
Abu Dhabi,13
Chon Buri,12
Cordillera Administrative Region,12
Manabí Province,9
Sacatepéquez Department,11
Toledo District,2
Sánchez Ramírez Province,6
Jeju-do,5
Bagmati Zone,13
Al Madinah Region,7
Donegal,9
Logar Province,4
Kingston Parish,16
Batangas City,8
Arima,11
Larnaca District,9
Diyala Governorate,4
Rivas Department,7
Tripoli District,9
Azad Kashmir,13
San Fernando,9
Bioko Norte Province,5
Almaty Region,14
Chișinău,10
Chiba Prefecture,8
Bình Dương Province,8
Aragua,12
Lara,9
East Java,11
Taipei,14
Penal-Debe Regional Corporation,6
Ho Chi Minh City,12
Himachal Pradesh,11
Capital District,15
Carabobo,10
Western Greece,9
San Cristóbal Province,10
Heifa,9
Blagoevgrad Province,10
Delta State,10
Vojvodina,11
Istria County,4
Bicol Region,11
Tatarstan,9
North Sumatra,9
Chiang Mai,9
Karabük Province,1
Panevėžys County,7
Zonguldak Province,2
Konya Province,8
Al-Qassim Province,7
Nugal,2
Haskovo Province,6
Chaguanas,11
Ternopil Oblast,13
Dhi Qar Governorate,8
Zhytomyr Oblast,11
Zaporizhia Oblast,11
Zakarpattia Oblast,11
Volyn Oblast,11
Vinnytsia Oblast,12
Sumy Oblast,7
Mila Province,4
Rivne Oblast,9
Odessa Oblast,12
Lviv Oblast,14
Luhansk Oblast,7
Kiev Oblast,10
Khmelnytskyi Oblast,12
Kherson Oblast,8
Algiers Province,10
Kosi Zone,8
Bali,15
Famagusta District,10
Šiauliai County,5
Nasarawa State,5
Chechnya,2
Irbid Governorate,6
Jammu and Kashmir,12
Diyarbakır Province,6
Akmola Region,10
Irrawaddy,2
Cherkasy Oblast,11
Ashanti Region,11
Sangre Grande Regional Corporation,10
Saint James Parish,12
Saint Ann Parish,11
Manchester Parish,8
Rajshahi Division,6
Khulna Division,7
Barisal Division,2
Thừa Thiên–Huế Province,7
Central Governorate,8
Sfax,4
La Libertad Department,9
Sonsonate Department,5
Uttarakhand,13
Manipur,5
Gandaki Zone,10
Saladin Governorate,2
Nineveh Governorate,8
Chernivtsi Oblast,12
County Cork,11
Hà Nội,11
Francisco Morazán Department,12
Ahuachapán Department,5
Zacapa Department,5
Chin State,1
Manisa Province,6
Novosibirsk Oblast,7
O'Higgins Region,8
Trujillo,6
Western Macedonia,6
Eastern Macedonia and Thrace,5
Zarqa Governorate,10
Duarte Province,9
Pahang,7
South Kazakhstan Region,7
Estuaire Province,3
Pavlodar Region,2
Atyrau Region,7
South-East District,7
"Bonaire, Sint Eustatius and Saba",4
Santo Domingo de los Tsáchilas Province,7
Saint Catherine Parish,11
Tunapuna-Piarco Regional Corporation,7
Capital Governorate,21
Zamboanga Peninsula,7
Gyeongsangbuk-do,5
Arica y Parinacota Region,5
Bolívar (state),9
Santiago Province,13
Kocaeli Province,7
Balıkesir Province,7
Vitebsk Region,5
Criuleni District,6
Basarabeasca District,1
West Kazakhstan Region,7
Centre Region,7
Lagunes,8
Jharkhand,6
Bihar,12
Leeward Islands ,9
Barbuda,10
Puducherry,6
Paramaribo District,4
Nickerie District,1
Saint Mary Cayon,2
Perak,10
Negeri Sembilan,10
Saint George,10
Odisha,9
Bay Islands Department,7
Copán Department,3
Comayagua Department,9
Atlántida Department,8
Pichincha Province,11
Westmoreland Parish,10
Meknès-Tafilalet,7
Central Province,14
Sylhet Division,11
Port of Spain,11
Klaipėda County,8
Assam,10
Lumbini Zone,9
Najaf Governorate,8
Mykolaiv Oblast,11
Ivano-Frankivsk Oblast,14
Monastir Governorate,2
Eastern Cape,9
Réunion,6
Bío Bío Region,9
Jakarta,13
Plovdiv Province,9
Prague,11
Rangpur Division,5
Kütahya Province,3
Ruse Province,7
Phuket,9
Krasnoyarsk Krai,8
Valverde Province,10
Santa Ana Department,7
Rift Valley Province,9
Bălți,6
Timor-Leste,5
Santa Elena Province,4
Central Serbia,12
Yoro Department,7
Puerto Plata province,10
Middle Shebelle,1
Khabarovsk Krai,4
Doha,11
Azuay Province,11
Presov,8
Silistra Province,4
Kayseri Province,8
Bursa Province,12
Brest Region,5
Banjul,5
Sulaymaniyah Governorate,10
San Juan-Laventille Regional Corporation,8
Arkhangelsk Oblast,2
Cochabamba Department,9
Jiangsu,10
Saint Elizabeth Parish,3
Kadiogo,2
Arequipa Region,10
Taichung,12
Zhejiang,9
Trelawny Parish,7
Luxembourg District,9
Aden Governorate,6
Santiago,4
Dhofar Governorate,4
New Taipei City,8
Hsinchu City,8
Ogun State,7
Sofia City Province,9
Kyustendil Province,2
Varna Province,8
Olomouc Region,7
Central Bohemian Region,5
Littoral–Inner Carniola Statistical Region,4
Drava Statistical Region,5
Shandong,6
Kaohsiung,9
Primorje-Gorski Kotar County,7
Capital Region,5
Giza Governorate,8
Cartago Province,8
Morazán Department,4
Usulután Department,4
León Department,5
Managua Department,8
Qalyubia Governorate,5
Al Sharqia Governorate,7
Salto Department,2
Beni Department,3
Souss-Massa-Drâa,6
Limassol District,11
Tungurahua Province,8
Farwaniya Governorate,8
Jahra Governorate,8
La Altagracia Province,8
Salcedo,6
San Pedro de Macorís Province,7
Karak Governorate,3
Crete,7
Valais,7
Gwangju,7
Ticino,5
Vaud,8
Zürich,11
Giresun Province,5
Krasnodar Krai,8
Bashkortostan,10
Kirov Oblast,2
Omsk Oblast,5
Sakhalin Oblast,3
Ulyanovsk Oblast,3
Voronezh Oblast,6
Magallanes y la Antártica Chilena Region,7
Atacama Region,5
Anzoátegui,8
Falcón,8
Táchira,11
Zulia,9
Chaiyaphum,7
Nonthaburi,7
Samut Prakan,7
Trat,5
Samut Songkhram,1
Incheon,9
Penza Oblast,4
Saratov Oblast,3
Sverdlovsk Oblast,7
Udmurtia,2
Mubarak Al-Kabeer Governorate,2
Lampung,3
Taiwan,6
Taoyuan City,10
Rivers State,7
Zug,3
Sakarya Province,6
Espaillat Province,8
Monte Cristi Province,4
Monseñor Nouel Province,7
Veraguas Province,7
Delta Amacuro,2
Monagas,7
Nueva Esparta,7
Nakhon Sawan,3
Surat Thani,8
Kwara State,5
Tacuarembó Department,3
Thanh Hóa Province,1
Al Batinah North Governorate,8
Municipality of Čair,8
Harju County,6
Souk Ahras Province,2
Pleven Province,9
Vysočina Region,3
Moravian-Silesian Region,6
Kaunas County,10
Uva Province,2
Coast Province,8
Lefkoşa District,9
Al Rayyan,7
Guanacaste Province,7
Kurzeme Region,9
Alif Alif Atoll,7
Struga Municipality,4
Muthanna Governorate,5
Jijel Province,4
Shkodër County,5
Brunei-Muara District,6
Quảng Nam Province,8
Bình Định Province,3
Västernorrland County,1
Saint George Basseterre,9
Sabah,8
Mudug,2
Ulsan,2
Jönköping County,5
Kalmar County,1
Södermanland County,2
Västerbotten County,4
Minsk,8
County Tipperary,5
Transnistria,5
Ialoveni District,4
Koh Kong Province,6
Akita Prefecture,4
Fukui Prefecture,3
Gifu Prefecture,5
Helmand Province,3
Lilongwe District,7
Beqaa Governorate,7
Littoral Department,6
Seoul,13
Karbala Governorate,4
Malacca,6
Terengganu,9
La Condamine,4
São Tomé Island,1
Grenadines,4
Jizan Region,2
Chungcheongbuk-do,5
Daegu,7
Bern,6
Thurgau,4
Malatya Province,3
El Seibo Province,3
Maputo Province,7
Ohrid Municipality,4
Al Anbar Governorate,6
Durrës County,9
Fier County,5
Kukës County,5
Ilhas,7
Saint Peter Port,7
Limerick,7
County Louth,5
Grouville,4
Saint Martin,2
Hadhramaut Governorate,3
Ishikawa Prefecture,4
Okayama Prefecture,1
Essequibo Islands-West Demerara,3
Nan,4
Bà Rịa–Vũng Tàu Province,5
Khánh Hòa Province,6
Da Nang,7
South Eastern Region,5
Viljandi County,2
Latgale,8
Basra Governorate,10
Constantine Province,5
Sétif Province,3
Biskra Province,4
Annaba Province,2
Tumbes Region,2
Mimaropa,8
Anhui,5
Shaanxi,5
Trnava Region,4
Sucumbíos Province,2
Sololá Department,4
Totonicapán Department,3
Heredia Province,9
Gostivar Municipality,2
Daman and Diu,4
Tak,3
Mersin Province,8
Ras al-Khaimah,5
Umm al-Quwain,1
Bocas del Toro Province,3
Guárico,6
Yaracuy,8
Vargas,7
Mae Hong Son,6
Rayong,3
Chanthaburi,1
Phangnga,3
Kaliningrad Oblast,6
Khanty-Mansi Autonomous Okrug,4
Rostov Oblast,8
Ahmadi Governorate,9
Shimane Prefecture,1
Wasit Governorate,2
Blida Province,2
T'bilisi,8
Copperbelt Province,5
Phnom Penh,9
Fukushima Prefecture,3
Shiga Prefecture,2
Paget Parish,2
Halland County,4
Sarawak,7
Tillabéri Region,2
'Asir Region,3
Split-Dalmatia County,7
Orellana Province,2
Santa Cruz Department,9
San Miguel Department,10
Estelí Department,3
Suez Governorate,2
Portland Parish,4
Ariana Governorate,3
Hòa Bình Province,4
Clarendon Parish,3
Plzeň Region,6
Akwa Ibom State,3
Adamawa State,5
South Bohemian Region,4
Pardubice Region,6
Central Slovenia Statistical Region,7
Košice Region,7
Trenčín Region,7
Marijampolė County,5
Kyrenia District,3
Paphos District,6
Busan,9
Gibraltar,7
Saint Thomas Lowland,1
Seal Island,6
Carriacou,1
Nangarhar Province,6
Parwan Province,8
Balkh Province,5
Mount Lebanon Governorate,8
Penang,8
Luanda Province,9
Djibouti ,10
Togdheer,2
Curaçao,7
Saint Brélade,4
Cuscatlán Department,2
Zlín Region,6
Jilin,6
Tianjin,8
Chongqing,8
Bratislava Region,8
Saint Mary Parish,4
Tarija Department,4
La Unión Department,7
Luxor Governorate,5
Tirana County,9
Niger State,2
Volgograd Oblast,6
Yerevan,7
Andorra la Vella,2
Kelantan,7
Luang Prabang Province,6
Gyeongsangnam-do,5
Uppsala County,6
Vladimir Oblast,2
Neuchâtel,4
Elazığ Province,4
Peravia Province,7
Balqa Governorate,2
Pathum Thani,7
Antofagasta Region,8
Maule Region,6
Moquegua Region,2
Banten,8
Podgorica Capital City,8
Yamanashi Prefecture,4
Ibaraki Prefecture,6
Siem Reap Province,4
Battambang Province,6
Aruba,4
Gunma Prefecture,3
Hiroshima Prefecture,6
Hyōgo Prefecture,7
Kyoto Prefecture,7
Mie Prefecture,3
Miyagi Prefecture,5
Nagasaki Prefecture,4
Nara Prefecture,2
Niigata Prefecture,2
Ōita Prefecture,5
Osaka Prefecture,7
Saitama Prefecture,9
Shizuoka Prefecture,7
Yamaguchi Prefecture,8
Morogoro,4
North-West District,4
County Clare,3
County Longford,2
Khomas Region,6
Atsimo-Andrefana,5
Central Division,8
Jerash Governorate,2
Sisaket,2
Kirovohrad Oblast,6
Đồng Nai Province,7
Qena Governorate,1
Eastern Visayas,6
Autonomous Region in Muslim Mindanao,4
Yaroslavl Oblast,3
Stavropol Krai,4
Central Sulawesi,2
East Kalimantan,7
Bangka–Belitung Islands,4
Lambayeque Region,7
Ica Region,6
Samara Oblast,6
Murmansk Oblast,6
Moscow Oblast,5
Irkutsk Oblast,3
Chelyabinsk Oblast,2
Hubei,6
Henan,4
Fujian,6
Jiangxi,4
Ekiti State,3
Osijek-Baranja County,3
Imo State,3
Ancash Region,3
Dajabón Province,2
Santiago Rodríguez Province,3
San Juan Province (Dominican Republic),2
María Trinidad Sánchez Province,3
La Romana Province,5
Basel-City,3
Adıyaman Province,4
Canton of St. Gallen,6
Appenzell Ausserrhoden,1
Norrbotten County,4
Çorum Province,3
Aksaray Province,2
Düzce Province,4
Samsun Province,6
Muğla Province,6
Eskişehir Province,5
Edirne Province,1
Phitsanulok,4
Araucanía Region,7
Coquimbo Region,7
Krabi,7
Ratchaburi,1
Suphan Buri,2
Barinas,6
Apure,2
Aqaba Governorate,1
Portuguesa,6
Mérida,7
Sichuan,7
Upper East Region,1
Eastern Region,1
Thái Nguyên Province,2
Quảng Bình Province,3
Hà Nam Province,1
Cần Thơ,4
Đồng Tháp Province,2
Đắk Lắk Province,1
Gafsa Governorate,1
Kebili Governorate,2
Sousse Governorate,6
Freeport,6
Thessaly,6
Schwyz,1
Nghệ An Province,3
Hunan,3
Heilongjiang,5
Semigallia,4
Pärnu County,1
Prilep Municipality,3
Ad Dakhiliyah Governorate,1
Kildare,4
Oran Province,3
Hanover Parish,2
Saint Andrew Parish,4
Loja Province,5
Morona-Santiago Province,2
Los Ríos Province,5
Chaouia-Ouardigha,2
North Central Province,3
Tauragė County,3
Taza-Al Hoceima-Taounate,2
Canelones Department,5
Maldonado Department,3
Central Department,7
Minya Governorate,2
Masaya Department,3
Granada Department,4
Chimaltenango Department,1
Quetzaltenango Department,5
Izabal Department,5
Chontales Department,2
Colón Department,2
Kyzylorda Region,2
County Laois,1
Kerry,6
Tabora,3
Saint Philip,2
Racha-Lechkhumi and Kvemo Svaneti,1
Imereti,1
Tivat Municipality,3
El Oued Province,1
Tlemcen Province,1
Inhambane Province,1
Bujumbura,6
Manzini Region,4
Shirak Province,1
Farah Province,1
Tottori Prefecture,1
Tochigi Prefecture,1
Kagawa Prefecture,1
Babil Governorate,5
Gharbia Governorate,3
Retalhuleu Department,3
Ash Sharqiyah North Governorate,2
Volta Region,1
Northern Region,3
Quảng Ninh Province,5
Bizerte Governorate,2
Guizhou,2
Doukkala-Abda,4
Point Fortin,4
Sliven Province,5
Montana Province,2
Gabrovo Province,2
Burgas Province,7
Ondo State,1
Beheira Governorate,2
Guairá Department,1
Damietta Governorate,2
Matagalpa Department,4
Huehuetenango Department,4
Kano State,1
Östergötland County,3
Jämtland County,2
Blekinge County,2
Bilecik Province,3
Daejeon,6
Tabuk Region,3
Fujairah,3
Tomsk Oblast,3
Ivanovo Oblast,2
Tacna Region,3
Ayutthaya,2
Phetchabun,2
Lampang,3
Tozeur Governorate,1
N'Djamena,2
Vientiane Province,4
Uíge Province,1
Labuan,4
Ailinglaplap Atoll,2
Al Jawf Region,1
Hatay Province,6
San José de Ocoa Province,3
Emirate of Ajman,4
Ağrı Province,2
Chungcheongnam-do,4
Sint Maarten,7
Bissau,3
Hato Mayor Province,4
Kilimanjaro,2
Mashonaland West Province,2
Saint James,1
Guadeloupe,7
Shida Kartli,2
Waterford,5
Aïn Defla Province,1
Sidi Bel Abbès Province,3
Tetovo Municipality,1
Sveti Nikole Municipality,1
Roscommon,2
County Westmeath,4
Aragatsotn Province,1
Ibb Governorate,3
Gomel Region,3
Samaná Province,4
Shanxi,1
Utena County,5
Žilina Region,5
Yunnan,3
Savinja Statistical Region,5
Stara Zagora Province,7
Pazardzhik Province,5
El Oro Province,6
Chimborazo Province,5
Gharb-Chrarda-Béni Hssen,5
Nakhon Pathom,4
Phayao,1
Aysén Region,4
Ionian Islands (region),6
Mafraq Governorate,1
Herrera Province,2
Ubon Ratchathani,3
Apurímac Region,1
Hsinchu,2
Madre de Dios Region,3
Primorsky Krai,6
East Nusa Tenggara,5
Tataouine Governorate,1
Lâm Đồng Province,3
Cascade,3
Beau Vallon,4
Saint Peter Basseterre,1
Saint John Capisterre,1
Bas-Congo,1
Niamey,5
Maritime Region,3
Zambezia Province,1
Balochistan,7
Grande Comore,1
Tongatapu,5
Falkland Islands,6
Samoa,3
Maekel Region,2
Districts of Republican Subordination,3
Jeollanam-do,4
Saint John Parish,4
Mwanza,2
Sumqayit,2
Bulawayo,3
Manicaland Province,1
Saint Joseph,1
Saint John,2
Kagera,1
Zanzibar Urban,4
County Monaghan,6
Dire Dawa,1
Somali Region,3
Misrata District,3
Carlow,4
Rapti Zone,2
Mechi Zone,3
Narayani Zone,7
Lezhë County,4
Old Royal Capital Cetinje,6
Belait District,5
Kakheti,1
Ziguinchor Region,2
Kaolack Region,1
Erongo Region,4
Vieux-Fort,2
Grodno Region,2
Western Division,7
Aomori Prefecture,4
Sihanoukville Province,3
Kandal Province,1
Sud Department,4
Isle Of Man,7
Sana'a Governorate,7
Dibër County,3
Dhawalagiri Zone,1
Nikšić Municipality,1
Pljevlja Municipality,4
Mizoram,6
Matabeleland North Province,2
Nagaland,3
Relizane Province,1
Jabal al Gharbi District,1
Bouïra Province,1
Benghazi,2
Nabatieh Governorate,5
Atlantique Department,2
Charlotte,4
Perlis,2
Thimphu District,4
Vientiane Prefecture,2
Sofia Region,1
East Kazakhstan Region,4
Oromia Region,2
Kratié Province,1
Lovech Province,3
Telšiai County,4
Hebei,2
Gaza Strip,6
Muharraq Governorate,2
San Vicente Department,4
Suchitepéquez Department,1
El Paraíso Department,3
El Progreso Department,1
Valle Department,1
Chalatenango Department,3
Quiché Department,4
Laâyoune-Boujdour-Sakia El Hamra,4
Choluteca Department,3
Faafu Atoll,1
Kumanovo Municipality,1
Kon Tum Province,1
Amambay Department,4
Jinotega Department,1
Monte Plata Province,4
Nong Khai,2
Central Greece (region),5
Nakhon Ratchasima,4
Guadalcanal Province,2
Aargau,5
Mpumalanga,3
Surin,1
Dubrovnik-Neretva County,5
Cross River State,1
Junín Region,5
Huánuco Region,2
Cajamarca Region,2
Songkhla,3
Amur Oblast,2
Riau Islands Province,6
Gorontalo,1
West Sulawesi,2
North Sulawesi,4
West Sumatra,3
Southeast Sulawesi,2
Princes Town Regional Corporation,1
Ninh Bình Province,5
Gozo,3
Phú Thọ Province,2
Gevgelija Municipality,1
Resen (municipality),2
South Province,3
Tizi Ouzou Province,3
Amhara Region,3
Djelfa Province,1
Mostaganem Province,2
Vinica Municipality,2
Maysan Governorate,6
Lääne County,1
Ungheni District,2
Jabal al Akhdar,2
Hîncești District,1
Taiz Governorate,1
Cayo District,5
Tombouctou Region,1
Morobe Province,1
Awdal,1
Gangwon-do,4
Cojedes,4
Baoruco Province,1
Rize Province,2
Graubünden,4
Upper Demerara-Berbice,4
Sakon Nakhon,4
Tigray Region,2
Martinique,6
Tanga,1
Midlands Province,2
Arunachal Pradesh,3
Tripura,2
Budva Municipality,3
Jambyl Region,3
Kampong Cham Province,1
Faryab Province,1
Gagauzia,2
Minsk Region,2
Anenii Noi District,1
Phichit,2
Buriram,3
Cotopaxi Province,1
Nyanza Province,4
Intibucá Department,1
Itapúa Department,2
Alto Paraná Department,2
Cabañas Department,3
Limón Province,5
Kabardino-Balkaria,1
Kemerovo Oblast,3
Kamchatka Krai,3
Chuvashia,1
Riau,6
Nakhon Phanom,2
Nakhon Si Thammarat,4
Karlovy Vary Region,4
Yunlin,6
Los Ríos Region,6
Coclé Province,5
Sisak-Moslavina County,2
Karlovac County,1
Aceh,5
South Sumatra,4
South Sulawesi,5
Port Moresby,6
Agadez Region,1
Niğde Province,2
Trabzon Province,3
Tokat Province,3
Antarctica,1
Equatoria,4
Abia State,1
Nantou,2
Caaguazú Department,2
Aswan Governorate,1
Ranong,1
Chumphon,1
Phetchaburi,2
Jambi,1
Dagestan,2
South Kalimantan,2
Papua (province),2
Sa Kaeo,1
Guangxi,4
Canton of Glarus,1
Basel-Landschaft,2
Northern Cape,1
Luzern,4
Samut Sakhon,2
Roi Et,2
Southeast Slovenia Statistical Region,1
Lào Cai Province,1
Järva County,1
Westfjords,2
Jalapa Department,2
Bạc Liêu Province,1
Nam Định Province,1
Kumamoto Prefecture,3
Kampong Thom Province,1
Florești District,1
Wicklow,1
Cavan,1
Commewijne District,1
Vidzeme,2
Tartu County,3
San Salvador and Rum Cay,3
Bordj Bou Arréridj Province,2
Meghalaya,3
Herceg Novi Municipality,1
Norfolk Island,3
Dodoma,1
Uaboe District,1
Southern Highlands Province,2
Saint Andrew,1
Béjaïa Province,3
Faiyum Governorate,1
Ismailia Governorate,3
Paysandú Department,2
Cordillera Department,1
Cañar Province,4
Saint Thomas Parish,1
Alytus County,4
San Marcos Department,2
Rocha Department,1
Upper Carniola Statistical Region,1
Sing Buri,1
Kostroma Oblast,1
Madang Province,2
Hokkaido,6
Miyazaki Prefecture,2
Iwate Prefecture,3
Berovo Municipality,1
Värmland County,1
Champasak Province,2
Šibenik-Knin County,2
Republic of Karelia,3
Pattani,1
Satun,3
Phatthalung,1
Zadar County,2
Smolyan Province,2
Veliko Tarnovo Province,3
Southern Peninsula,2
Inner Mongolia,2
Sukhothai,2
Kronoberg County,1
Niue,1
Cocos (Keeling) Islands,1
Tekirdağ Province,4
Sivas Province,2
Bolu Province,3
Nevşehir Province,2
Isparta Province,1
Çanakkale Province,2
Solothurn,2
Shefa Province,1
Sikkim,2
Jinja District,2
Saint Peter,4
Adjara,3
Halabja Governorate,3
Orange Walk District,2
Taraclia District,1
Ehime Prefecture,2
Petén Department,1
Oriental,2
Chinandega Department,3
Penghu,1
Miaoli,1
Novgorod Oblast,2
Trang,1
Varaždin County,1
Bingöl Province,2
Bitlis Province,2
Ordu Province,2
Nakhon Nayok,1
Sofia Province,3
Ad Dhahirah Governorate,1
Laghouat Province,1
Hradec Králové Region,4
Ouargla Province,1
Gabès Governorate,2
Adamawa Region,1
Kilkenny,1
County Meath,2
Northern Division,2
Musandam Governorate,1
Strumica Municipality,2
Berat County,2
Korçë County,2
Vlorë County,3
Bijelo Polje Municipality,2
Zawiya District,2
Dubăsari District,2
Ryazan Oblast,1
Tadla-Azilal,2
Şırnak Province,2
Cahul District,3
Fălești District,2
Dobrich Province,3
Razgrad Province,3
Khammouane Province,1
Kwajalein Atoll,3
Uşak Province,2
Aydın Province,5
Burdur Province,2
Erzurum Province,3
Kastamonu Province,2
Van Province,2
Karaman Province,1
Lamphun,3
Bheri Zone,3
Hưng Yên Province,1
Gnaviyani Atoll,2
Kostanay Region,2
Praslin,1
Sant Julià de Lòria,2
Aktobe Region,1
Hardap Region,1
Ninh Thuận Province,1
Durazno Department,1
Bueng Kan,1
Adygea,1
Keelung City,1
Kamphaeng Phet,1
Sakha Republic,1
Komi Republic,1
Vĩnh Phúc Province,2
Sóc Trăng Province,1
Tiaret Province,1
Napo Province,1
Cerro Largo Department,2
Río Negro Department,1
Oruro Department,2
Eastern Division,1
Șoldănești District,1
Southwest Region,2
Toyama Prefecture,1
Brazzaville,2
Fribourg,1
Para District,2
Saint Patrick Parish,1
Canillo,1
Quảng Ngãi Province,1
Hải Dương Province,2
Mondulkiri Province,1
Kigoma,2
Samegrelo-Zemo Svaneti,1
Stann Creek District,1
Yamagata Prefecture,3
Brong-Ahafo Region,1
Western Region ,3
Galápagos Province,2
Long An Province,2
Béja Governorate,1
Nord-Est Department,1
North Kazakhstan Region,2
Mafeteng District,1
Selenge Province,2
Phrae,1
Örebro County,2
Ben Arous Governorate,2
Gansu,1
Liberec Region,1
Al Wakrah,2
Al Khor,1
Ha'il Region,2
Al Bahah Region,2
Haʻapai,1
Uri,2
Schaffhausen,1
Canton of Obwalden,1
Kampot Province,2
Orhei District,1
Samdrup Jongkhar District,1
Wakayama Prefecture,1
Toledo,1
North Ossetia–Alania,1
Tibet Autonomous Region,1
Bauchi State,2
Lop Buri,1
Veles Municipality,2
Ida-Viru County,1
Vĩnh Long Province,1
Bình Thuận Province,1
Noonu Atoll,1
Coastal–Karst Statistical Region,1
Gjirokastër County,3
Nord-Kivu,1
Plav Municipality,2
Esmeraldas Province,1
San José Department,1
Presidente Hayes Department,1
Los Santos Province,1
Kalasin,1
Sanma Province,1
Barahona Province,2
Eastern Highlands Province,1
Kiên Giang Province,1
Kinmen,1
Alta Verapaz Department,2
County Leitrim,1
Alaotra-Mangoro,1
Austral Islands,1
Palmerston Island,1
Orientale,1
West Region,1
Govi-Altai Province,1
Soufriere,1
Zamora-Chinchipe Province,1
Potosí Department,1
An Giang Province,2
Sagarmatha Zone,1
Saint Paul Capisterre,1
Huambo Province,2
Fergana Region,1
Cabinda Province,1
Central District ,1
Anosy Region,1
Glodeni District,1
Mogilev Region,1
West Coast Division ,1
Municipality of Kočani,1
Batman Province,1
Smolensk Oblast,2
Ingushetia,1
Buryatia,1
Belgorod Oblast,1
Vidin Province,1
Yobe State,1
Afyonkarahisar Province,1
Chlef Province,1
Kursk Oblast,1
Masally District,1
Santa Rosa Department,1
Concepción Department (Paraguay),1
Beni Suef Governorate,1
El Taref Province,1
Tiền Giang Province,1
Nabeul Governorate,1
Dhamar Governorate,1
Caazapá Department,1
Sohag Governorate,1
Kafr el-Sheikh Governorate,1
Borgou Department,1
Yambol Province,1
Ebonyi State,1
Carchi Province,1
Osh Region,1
Bukhara Region,1
West Papua,1
Yala,1
Bartın Province,1
Savannakhet Province,1
Logone Oriental Region,1
Siirt Province,1
Mbale District,1
Centar Župa Municipality,1
Kunduz Province,1
Kampong Chhnang Province,1
Osmaniye Province,1
Mardin Province,2
Katsina State,1
Ma'an Governorate,1
Ayacucho Region,1
Kalmykia,1
Gaza Province,1
Cabo Delgado Province,1
Bulgan Province,1
Lower Shebelle,1
Rennell and Bellona Province,1
Boquerón department,1
Masvingo Province,1
Northwest Region,1
Singida,1
Bangui,1
Vologda Oblast,1
Arta Region,1
Ulcinj Municipality,1
Pursat Province,1
Kičevo Municipality,1
Ilinden Municipality,1
Auvergne-Rhône-Alpes,4
Hauts-de-France,3
Gävleborg County,1
Aïn Témouchent Province,1
Singapore,4
Hanoi,1
Southern Nations,1
